title,published,views,likes,comments
"Morning to Bedtime Songs for Kids 3+: ABCs, Farm, Routines &amp; Bath | 10-Min Sing-Along",2025-10-30,3788,3,0
The BEST Way to Learn Counting by 2s for Kids,2025-10-28,150,2,0
Learn to Count | Fives to Fifty! | Fun Preschool Math Song for Kids | Bright Bubbles,2025-10-24,138,2,0
Twinkle Twinkle Little Star | Pixar Style 2D Animation | Soothing Bedtime Lullaby for Kids,2025-10-17,3166,17,0
Baa Baa Black Sheep,2025-10-14,415,8,0
Row Row YOUR Boat GENTLY - Our Nursery Rhymes,2025-10-08,291,8,0
Jack and Jill | A Fun Friendship Song for Kids | Bright Bubbles,2025-10-01,513,3,0
Sunny’s Bedtime Routine Song—Fun Hygiene for kids and toddlers,2025-09-24,146,3,0
The Enchanted Rainbow: A Magical Journey Through Colorful Realms,2025-09-22,163,2,0
Itsy Bitsy Spider | A Brave Adventure Kids Song | Bright Bubbles,2025-09-17,385,6,0
Join the Fun: WHEELS ON THE BUS Sing-Along!,2025-09-15,80,7,0
Learn Routines | The MOST FUN Morning Routine Song for Kids,2025-09-12,484,3,0
Learn to Count to 10 with Our Fingers | Counting Song | Bright Bubbles,2025-09-09,124,1,0
Learning My Body | A Fun Nursery Rhyme for Kids | Bright Bubbles,2025-09-05,133,4,0
Stranger Danger! The Safety Song,2025-09-03,330,8,0
Wash Your Hands Song for Kids | Healthy Habits Song | Nursery Rhymes + Kids Songs,2025-09-01,1728,6,0
Big vs Small Song for Kids | Learn Opposites!,2025-08-28,1087,12,0
Learn to Count  |  20-0 |  Fun Kids learning song,2025-08-27,180,8,0
Learn Addition with Music! | Simple Math Song for Toddlers &amp; Preschoolers,2025-08-25,4502,14,0
"The Brushy, Brushy, Brushy Song! | learn to brush your teeth  #kidslearning #toddlerlearning",2025-08-21,2596,7,0
The Secret to Making Learning Fun with Shapes Song and Nursery Rhymes for toddlers,2025-08-20,2438,13,0
Counting to 20 Just Got a Whole Lot EASIER for Toddlers,2025-08-20,3176,10,0
Old MacDonald Had a Farm (E-I-E-I-O) | Animal Sounds &amp; Nursery Rhymes for Kids  #educationalsongs,2025-08-18,961,10,0
The Alphabet Song - But It&#39;s Actually Good.,2025-08-15,879,9,0
Rainbow Colors Song | A Fun Way to Learn Colors | Bright Bubbles,2025-08-14,591,6,0
Learn to Count to 10,2025-08-13,832,10,0
STRANGER DANGER Which Safety Rules REALLY Work for Kids?,2025-08-08,141,7,0
Sunny’s Super Sparkly Color Adventure!,2025-07-14,934,5,0
A Super Fun Counting Song for Kids &amp; Toddlers,2025-07-14,209,5,0
ABC Song for kids | Learn Alphabet with fun Music,2025-07-13,33,4,0
Shapes Song | A Fun Nursery Rhyme for Learning Shapes | Bright Bubbles,2025-07-07,45,3,0
Colors Song | Learning Birds and Colors for Kids | Bright Bubbles,2025-07-02,52,7,0
Fluffy Unicorn Song | A Magical Adventure for Kids | Bright Bubbles,2025-07-01,355,10,0
